category,original_size,deflate_ratio,deflate_time,lzma_ratio,lzma_time,aes_throughput,xor_throughput,max_mem
Text,10765418242,99.90242512864927,41.01524649999919,99.98589133310145,79.16133959999934,337.46747951392183,13.835730778124944,30.87109375
Images,Directory,-0.031555559285467716,108.25908999999956,-1.3607875700520689,954.2038132999987,210.888483829831,13.538052724517051,10043.66796875
Logs,5368709120,99.90280183032155,19.940094400000817,99.98588934540749,39.30265099999815,257.61054594722225,13.758847611608013,14.68359375
Medical,Directory,-209.95833333333334,0.048780500001157634,-246.53125,0.4754475999980059,2.813166223622754,11.91732444130564,0.51953125
Financial,188675968,72.0100548258483,4.841390800000227,80.19049463681564,66.5907002999993,204.5785670733417,13.43190223014258,151.10546875
